{
  "project_info": {
    "project_number": "493537158456",
    "firebase_url": "https://playlist-7fe8a.firebaseio.com",
    "project_id": "playlist-7fe8a",
    "storage_bucket": "playlist-7fe8a.appspot.com"
  },
  "client": [
    {
      "client_info": {
        "mobilesdk_app_id": "1:493537158456:android:213a3514e72d999b",
        "android_client_info": {
          "package_name": "com.ayushsingh1325gmail.playlist"
        }
      },
      "oauth_client": [
        {
          "client_id": "493537158456-7kkji68m63298b6ucb77jbirlu9r5s48.apps.googleusercontent.com",
          "client_type": 1,
          "android_info": {
            "package_name": "com.ayushsingh1325gmail.playlist",
            "certificate_hash": "83660d6f2c4fbbc27c78c7662d7426a10f03e760"
          }
        },
        {
          "client_id": "493537158456-bjt0eh3up5vl3npidkc2sjqa61bbndfi.apps.googleusercontent.com",
          "client_type": 3
        }
      ],
      "api_key": [
        {
          "current_key": "AIzaSyBpIgaOT1s124Dm0x_k5G7Sx-S4xCUMz24"
        }
      ],
      "services": {
        "appinvite_service": {
          "other_platform_oauth_client": [
            {
              "client_id": "493537158456-bjt0eh3up5vl3npidkc2sjqa61bbndfi.apps.googleusercontent.com",
              "client_type": 3
            }
          ]
        }
      }
    }
  ],
  "configuration_version": "1"
}